headline,url
,https://english.elpais.com
Ismael ‘El Mayo’ Zambada set to appear in New York courtroom,https://english.elpais.com/international/2024-09-13/ismael-el-mayo-zambada-set-to-appear-in-new-york-courtroom.html
Harris and Trump teams adjust their strategies as campaign hits homestretch,https://english.elpais.com
Billionaire Jared Isaacman makes history with first ever private spacewalk:,https://english.elpais.com/science-tech/2024-09-12/billionaire-jared-isaacman-makes-history-with-first-ever-private-spacewalk-from-here-earth-sure-looks-like-a-perfect-world.html
,https://english.elpais.com
,https://english.elpais.com
,https://english.elpais.com
,https://english.elpais.com
,https://english.elpais.com
,https://english.elpais.com
,https://english.elpais.com
,https://english.elpais.com
The journey of thousands of young Ukrainian deserters,https://english.elpais.com/international/2024-09-10/the-journey-of-thousands-of-young-ukrainian-deserters-tight-border-controls-and-perilous-mountains.html
,https://english.elpais.com
,https://english.elpais.com
‘Come From Away’: The hit Broadway musical about the other 9/11 story ,https://english.elpais.com/culture/2024-09-12/come-from-away-the-hit-broadway-musical-about-the-other-911-story.html
Steve Kerr: ‘No company in the world would hire someone with Trump’s resume’,https://english.elpais.com/sports/2024-09-11/steve-kerr-no-company-in-the-world-would-hire-someone-with-trumps-resume.html
,https://english.elpais.com
,https://english.elpais.com
,https://english.elpais.com
,https://english.elpais.com
,https://english.elpais.com
,https://english.elpais.com
,https://english.elpais.com
Pathogenic microbes can travel thousands of miles through the atmosphere,https://english.elpais.com/science-tech/2024-09-10/pathogenic-microbes-can-travel-thousands-of-miles-through-the-atmosphere.html
,https://english.elpais.com
,https://english.elpais.com
,https://english.elpais.com
Authorities warn about surge in Bitcoin ATM scams,https://english.elpais.com/economy-and-business/2024-09-06/authorities-warn-about-surge-in-bitcoin-atm-scams.html
,https://english.elpais.com
Hall & Oates spat seeps into music,https://english.elpais.com/culture/2024-09-10/hall-oates-spat-seeps-into-music.html
,https://english.elpais.com
,https://english.elpais.com
‘Synchronicity’: The experimental album that went gold and broke up The Police  ,https://english.elpais.com/culture/2024-09-07/synchronicity-the-experimental-album-that-went-gold-and-broke-up-the-police.html
The science of Stoicism: Does it really improve mental health?,https://english.elpais.com/health/2024-09-10/the-science-of-stoicism-does-it-really-improve-mental-health.html
,https://english.elpais.com
How to prevent cosmetic addiction in minors: limit the use of technology and build up their self-esteem   ,https://english.elpais.com/lifestyle/2024-09-08/how-to-prevent-cosmetic-addiction-in-minors-limit-the-use-of-technology-and-build-up-their-self-esteem.html
"Three years chatting, and for what? The people who use hookup apps, but avoid face-to-face",https://english.elpais.com/lifestyle/2024-09-07/three-years-chatting-and-for-what-the-people-who-use-hookup-apps-but-avoid-face-to-face.html
,https://english.elpais.com
"All the Venice looks of Isabelle Huppert, the 71-year-old star who dares to wear everything",https://english.elpais.com/culture/2024-09-09/all-the-venice-looks-of-isabelle-huppert-the-71-year-old-star-who-dares-to-wear-everything.html
Zoë Kravitz and Channing Tatum: The unlikely romance between the enigmatic rich girl and the working-class hero,https://english.elpais.com/people/2024-09-10/zoe-kravitz-and-channing-tatum-the-unlikely-romance-between-the-enigmatic-rich-girl-and-the-working-class-hero.html
Farewell to the ‘Halle Berry effect’: Actress who made Oscars history stages comeback after two decades in the wilderness,https://english.elpais.com/culture/2024-09-09/winona-ryder-forever-the-return-of-the-weird-girl-that-weinstein-hated.html
"Kílian Jornet and the challenge of 82 four-thousand-meter peaks: ‘He feels physically perfect but, at times, psychologically tired’  ",https://english.elpais.com/sports/2024-09-02/kilian-jornet-and-the-challenge-of-82-four-thousand-meter-peaks-he-feels-physically-perfect-but-at-times-psychologically-tired.html
"Ben Ainslie, skipper of INEOS Britannia: ‘I’ve lost too many friends to the sea. I have a very healthy respect for it’",https://english.elpais.com
,https://english.elpais.com
,https://english.elpais.com
Financial nihilism: The end of faith in the real value of money,https://english.elpais.com/economy-and-business/2024-09-08/financial-nihilism-the-end-of-faith-in-the-real-value-of-money.html
,https://english.elpais.com
,https://english.elpais.com
Listen now LOS40 USA,https://los40.us/
Karol G Gets Taylor Swift Dancing at the 2024 VMAs: VIDEO,https://los40.us/2024/karol-g-gets-taylor-swift-dancing-at-the-2024-vmas-video-24498.html
MTV VMAs: Iconic Latin Performances,https://los40.us/2024/mtv-vmas-iconic-latin-performances-24445.html
EL PAÍS offers free Spanish lessons with Gymglish,https://english.elpais.com
,https://english.elpais.com
"Who won the presidential debate: Prediction markets, analysts and early polls declare Kamala Harris the winner",https://english.elpais.com/usa/elections/2024-09-11/who-won-the-presidential-debate-prediction-markets-analysts-and-early-polls-declare-kamala-harris-the-winner.html
"The ‘torture’ of Alexey Soldatov, the father of the Russian Internet, terminally ill and imprisoned without a bed",https://english.elpais.com/international/2024-09-09/the-torture-of-alexey-soldatov-the-father-of-the-russian-internet-terminally-ill-and-imprisoned-without-a-bed.html
"A summer away from the bombing of Ukraine, thanks to the Spanish province of Jaén",https://english.elpais.com
,https://english.elpais.com
Venezuela kicks off its most uncertain presidential campaign,https://english.elpais.com/culture/2024-09-07/its-chiles-titanic-and-yet-no-one-remembers-it-the-forgotten-story-of-the-19th-century-church-fire-that-killed-2000-women.html
,https://english.elpais.com
An economic paradox: When savings are both a good and a bad idea,https://english.elpais.com
"Mauro Ketlun, the sculptor who shaped Leo Messi with recycled trash",https://english.elpais.com/culture/2024-09-07/mauro-ketlun-the-sculptor-who-shaped-leo-messi-with-recycled-trash.html
,https://english.elpais.com
,https://english.elpais.com
,https://english.elpais.com
‘This is not your normal masturbation’: Artificial intelligence comes to male sex toys  ,https://english.elpais.com/lifestyle/2024-09-01/this-is-not-your-normal-masturbation-artificial-intelligence-comes-to-male-sex-toys.html
,https://english.elpais.com
Javier Milei’s government scores own goal with Diego Maradona snub,https://english.elpais.com/international/2024-08-14/javier-mileis-government-scores-own-goal-with-diego-maradona-snub.html
"Climbing without a rope, between freedom and psychopathy",https://english.elpais.com
